Role Id,Dealer Name,Contact Person,Email,Contact Number,Alternate Contact Number,Address,Alternate Address,State,City,Pincode,Latitude,Longitude,Distributor,Dealer Type,Party Type
4,A P FURNITURE MALL,,apfurnituremall@gmail.com,8885996701,,7/28/50 TO 55 SHOP NO:3.,"GANGANAMMAPETA,",Andhra Pradesh,TENALI,,,,SAI TEJA INDO PLAST,,normal
4,A1 TELECOM COMMUNICATIONS,,a1telecomcommun@gmail.com,7075141811/8309276909,,11-1-23 VINAYAKA CIRCLE,,Andhra Pradesh,RAYADURGAM,515865,,,SAI TEJA INDO PLAST,,normal
4,ABHIRAM ELECTRONICS,,abhiramelectron@gmail.com,7075141811/8309276909,,,,Andhra Pradesh,DHARMAVARAM,,,,SAI TEJA INDO PLAST,,normal
4,ABHIRAM ELECTRONICS COOLERS,,abhiramelectron@gmail.com,9966674429,,,,Andhra Pradesh,DHARMAVARAM,,,,SAI TEJA INDO PLAST,,cooler
4,ACN DIGITAL SHOPPE,,acndigitalshopp@gmail.com,9966674429,,NAYAAZ,,Andhra Pradesh,HINDUPUR,,,,SAI TEJA INDO PLAST,,normal
4,ACN DIGITAL SHOPPY COOLERS,,acndigitalshopp@gmail.com,9246462244,,NAYAZ,,Andhra Pradesh,HINDUPUR,,,,SAI TEJA INDO PLAST,,cooler
4,ADILAKSHMI ELECTRONICS,BHIMESWARRAO,adilakshmielect@gmail.com,8639314841,,,,Andhra Pradesh,MACHILIPATNAM,,,,SAI TEJA INDO PLAST,,normal
4,ADINATH MARKETING,P K JANAKIRAM,adinathmarketin@gmail.com,9491338379,,"7-111-46-24,BRUNDAVAN NAGAR",,Andhra Pradesh,KURNOOL1,518003,,,SAI TEJA INDO PLAST/ MADHU AGENCIES,,normal
4,ADITYA ELECTRONICS & HOME APPLIANCES,,adityaelectroni@gmail.com,,,GANDHI CHOWK CENTRE,MAIN ROAD,Andhra Pradesh,SATTENAPALLI,,,,SAI TEJA INDO PLAST,,normal
4,ADITYA PRINCE,,adityaprince@gmail.com,9441733658,,,,Andhra Pradesh,ELURU,,,,DWARAKA ENTERPRISES,,normal
4,AJ ELECTRONICS,,ajelectronics@gmail.com,9866929533,,D.NO 5-221 NEAR OLD BUS STAND,,Andhra Pradesh,BETHAMCHERLA,518599,,,SAI TEJA INDO PLAST/ MADHU AGENCIES,,normal
4,AMEER ELECTRONICS,SHAIK AMEER BASHA,ameerelectronic@gmail.com,9985361475,,KG ROAD OPP STATE BANK,,Telangana,ATMAKUR,518422,,,SAI TEJA INDO PLAST/ MADHU AGENCIES,,normal
4,AMEER ENTERPRISES,,ameerenterprise@gmail.com,9494111120,,NEAR POST OFFICE CENTRE,"NADIKUDI JUNCTION ROAD,",Andhra Pradesh,DACHEPALLI,,,,SAI TEJA INDO PLAST,,normal
4,ANIL DIGI WORLD,ANIL,anildigiworld@gmail.com,,,BESIDE RTC BUS STAND,,Andhra Pradesh,KALYANADURGAM,,,,SAI TEJA INDO PLAST,,normal
4,ANR MARKETING,,anrmarketing@gmail.com,9441042603,,C/O:ANR MARKETING,,Andhra Pradesh,VIJAYAWADA,,,,SAI TEJA INDO PLAST,,normal
4,ANWAR ELECTRONICS,,anwarelectronic@gmail.com,9441042603,,NEAR CLOCK TOWER,G B C ROAD,Bihar,BAPATLA,,,,SAI TEJA INDO PLAST,,normal
4,ANWAR HOME NEEDS,,anwarhomeneeds@gmail.com,,,G B C ROAD,,Andhra Pradesh,BAPATLA,,,,SAI TEJA INDO PLAST,,normal
4,ARAVIND AGENCIES,,aravindagencies@gmail.com,9440751058,,2-2-52 BESIDE BALAJI LODGE PENUKONDA ROAD,,Telangana,HINDUPUR,515201,,,SAI TEJA INDO PLAST,,normal
4,ASHA ENTERPRISES,,ashaenterprises@gmail.com,9959585100,,,,Andhra Pradesh,DHARMAVARAM,,,,SAI TEJA INDO PLAST,,normal
4,AYYAPPA ELECTRONICS & HOME NEEDS,AYYAPA,ayyappaelectron@gmail.com,,,,,Telangana,MACHERLA,,,,SAI TEJA INDO PLAST,,normal
4,BALAJI  HOME NEEDS,,balajihomeneeds@gmail.com,,,,,Andhra Pradesh,DAMMAPETA,,,,SAI TEJA INDO PLAST,,normal
4,BALAJI ELECTRONICS  KANDUKURU,,balajielectroni@gmail.com,,,,,Andhra Pradesh,KANDUKURU,,,,SAI TEJA INDO PLAST,,normal
4,BALAJI ENTERPRISESS,,balajienterpris@gmail.com,8885511999,,15/1/37/2 NEAR PANCHAYATI OFFICE,,Andhra Pradesh,JANGAREDDYGUDEM,,,,SAI TEJA INDO PLAST,,normal
4,BALAJI FURNITURE,,balajifurniture@gmail.com,9866745166,,,,Andhra Pradesh,RAVULAPALEM,,,,SAI TEJA INDO PLAST,,normal
4,BALAJI FURNITURE WORLD,,balajifurniture@gmail.com,,,"NEHRU MARKET,","FURNITURE WORLD ROAD,",Andhra Pradesh,BADRACHALEM,,,,SAI TEJA INDO PLAST,,normal
4,BALAJI LODGE,,balajilodge@gmail.com,,,BALAJI GOLD COMPLEX  R R ROAD,,Andhra Pradesh,BAPATLA,,,,SAI TEJA INDO PLAST,,normal
4,BASHA ELECTRICALS,,bashaelectrical@gmail.com,9492666039,,,,Andhra Pradesh,NARASARAOPETA,,,,SAI TEJA INDO PLAST,,normal
4,BHAGYA LAKSHMI HOME NEEDS,RAJA,bhagyalakshmiho@gmail.com,7386399953,,KANDAKAM ROAD,,Andhra Pradesh,RAJAMUNDRY,,,,THE RAJAMUNDRY INNOVATIONS,,normal
4,BHAGYASRI HOME NEEDS,,bhagyasrihomene@gmail.com,9848063316,,19-1-57 SASTRY ROAD,,Andhra Pradesh,PALVENCHA,,,,SAI TEJA INDO PLAST,,normal
4,BHARATI ENTERPRISES,SANKAR,bharatienterpri@gmail.com,9441147142,,,,Andhra Pradesh,SAMARLAKOTA,,,,SAI TEJA INDO PLAST,,normal
4,BHASHA,BASHA,bhasha@gmail.com,0884-2366416,,,,Andhra Pradesh,ANANTHAPUR,,,,SRI HANUMAN ENTERPRISES,,normal
4,BROTHER SHOP,,brothershop@gmail.com,8662433857,,SUPER BAZAR COMPLEX MAIN ROAD,,Andhra Pradesh,KAKINADA,533001,,,GVS TECHNOLOGIES,,normal
4,BUJJI ELECTRONICS,,bujjielectronic@gmail.com,9908094650,,DR NO:30-25-13,17th CROSS ROAD,Haryana,VIJAYAWADA,,,,SAI TEJA INDO PLAST,,normal
4,CHARAN ELECTRONICS,,charanelectroni@gmail.com,9581114200,,OPP ANDHRA PRAGHATHI BRAMINA BANK,,Andhra Pradesh,MUDHIGUBBA,,,,SAI TEJA INDO PLAST,,normal
4,CITY ENTERPRISES,,cityenterprises@gmail.com,9849497092,,,,Maharashtra,GUNTUR,,,,SAI TEJA INDO PLAST,,normal
4,CITY LIGHT HOUSE,,citylighthouse@gmail.com,990818889,,,,Andhra Pradesh,KOTHAGUDEM,,,,SAI TEJA INDO PLAST,,normal
4,D G ELECTRONICS,,dgelectronics@gmail.com,,,BESIDE:SAI KRISHANA THEATOR,,Andhra Pradesh,RAJAMUNDRY,,,,SAI TEJA INDO PLAST,,normal
4,D L N ELECTRONICS,,dlnelectronics@gmail.com,9440285799,,20/93,MAIN ROAD,Bihar,NUZIVEEDU,,,,SAI TEJA INDO PLAST,,normal
4,D R ELECTRONICS,ABID,drelectronics@gmail.com,9553313655,,RAILWAY STREET ROAD,,Karnataka,HINDUPUR,,,,SAI TEJA INDO PLAST,,normal
4,DATTATREYA ENTER PRISES,,dattatreyaenter@gmail.com,9848537285,,WEST GODAVARI,,Jharkhand,MOGALTURU,,,,DWARAKA ENTERPRISES,,normal
4,DEVI ELECTRONICS,SUDHAKAR,devielectronics@gmail.com,,,,,Telangana,ELURU,,,,DWARAKA ENTERPRISES,,normal
4,DIGITAL SHOPPYY,,digitalshoppyy@gmail.com,9293240404,,MAIN ROAD,,Andhra Pradesh,MACHILIPATNAM,,,,SAI TEJA INDO PLAST,,normal
4,DIVYA DIGITAL SHOPPE,RAMBABU,divyadigitalsho@gmail.com,,,SIDDANTAM ROAD,,Andhra Pradesh,ACHANTA,,,,DWARAKA ENTERPRISES,,normal
4,DIVYA DIGITAL SHOPPY T.V HOME APPLIANCE,,divyadigitalsho@gmail.com,9866461960,,,,Andhra Pradesh,NARASAPURAM,,,,DWARAKA ENTERPRISES,,normal
4,DIVYA SAI SRINIVASA HOME NEEDS,VIJAY KUMAR,divyasaisriniva@gmail.com,9492388984,,NARSIPATNAM ROAD,BESIDE: SBI ATM,Tamil Nadu,YELESWARAM,,,,SAI TEJA INDO PLAST,,normal
4,DIVYA SAI SRINIVASA HOME NEEDS & FURNITURES HOME APPLIANCES,,divyasaisriniva@gmail.com,991222567,,D NO : 4 -50,"NARSIPATNAM ROAD , EAST GODAVARI",Andhra Pradesh,YELESWARAM,,,,SAI TEJA INDO PLAST,,normal
4,DIWAKAR ELECTRONICS,,diwakarelectron@gmail.com,9440241277,,"20-1-21,","RASHTRAPATHI ROAA,",Andhra Pradesh,TANUKU,,,,DWARAKA ENTERPRISES,,normal
4,DREAM ENTERPRISES,,dreamenterprise@gmail.com,,,DR NO 10-14-130,VEDHAMATAM VARI STREET,Andhra Pradesh,REPALLE,,,,SAI TEJA INDO PLAST,,normal
4,DURGA ENTERPRISES,,durgaenterprise@gmail.com,,,"27-1-58,SATYA ESTATE,",MUDDHA SUBBAIAH STREET,Andhra Pradesh,VIJAYAWADA,,,,SAI TEJA INDO PLAST,,normal
4,E BAZAR PNR,,ebazarpnr@gmail.com,,,,,Andhra Pradesh,PONNUR,,,,SAI TEJA INDO PLAST,,normal
4,ELUCHURI LAKSHMI RANGAIAH METAL,,eluchurilakshmi@gmail.com,9640535656,,,,Andhra Pradesh,BESTHAVARIPETA,,,,SAI TEJA INDO PLAST,,normal
4,ESWARA ELECTRONICS,,eswaraelectroni@gmail.com,9666213218,,17 SOWJANYA COMPLEX SRINIVASA NAGAR,,Andhra Pradesh,NANDYALA1,518501,,,SAI TEJA INDO PLAST/ MADHU AGENCIES,,normal
4,ESWARI ENTERPRISES,,eswarienterpris@gmail.com,9848971796,,OPP OLD BUS STAND MAIN ROAD,,Andhra Pradesh,RAMACHENDRAPURAM,533255,,,SAI TEJA INDO PLAST,,cooler
4,G N AGENCIES,,gnagencies@gmail.com,7337200547,,"15/612,RAJU ROAD KAMALANAGAR",,Andhra Pradesh,ANANTHAPUR,515001,,,SRI HANUMAN ENTERPRISES,,normal
4,G N HOME APPLIANCES,,gnhomeappliance@gmail.com,9885837884,,ROMM NO 4 KABA COMPLEX ANANTHAPUR ROAD,,Tamil Nadu,KALYANADURGAM,515761,,,SAI TEJA INDO PLAST,,normal
4,G N R HOME NEEDS,,gnrhomeneeds@gmail.com,,,MAIN ROAD,,Andhra Pradesh,VUYYURU,,,,SAI TEJA INDO PLAST,,normal
4,GANESH ELECTRONICS (Markapuram),,ganeshelectroni@gmail.com,9502912300,,,,Andhra Pradesh,MARKAPURAM,,,,SAI TEJA INDO PLAST,,normal
4,GANESH ENTERPRISES,,ganeshenterpris@gmail.com,9492367011,,OPP:REPALLE BUS STAND,,Andhra Pradesh,PONNUR,,,,SAI TEJA INDO PLAST,,normal
4,GAYATHRI FURNITURES & HOME NEEDS,,gayathrifurnitu@gmail.com,9912614886,,MAIN ROAD,,Andhra Pradesh,MACHERLA,,,,SAI TEJA INDO PLAST,,normal
4,GAYATHRI HOME APPLIENCESS,,gayathrihomeapp@gmail.com,,,"SHO NO 55,56,SVG MARKET,",,Andhra Pradesh,RAJAMUNDRY,,,,SAI TEJA INDO PLAST,,normal
4,GAYATRI MEGA FURNITURE,,gayatrimegafurn@gmail.com,9885336669,,,,Chhattisgarh,TADEPALLIGUDEM,,,,DWARAKA ENTERPRISES,,normal
4,GEMINI ELECTRONICS COMPANY,,geminielectroni@gmail.com,9885336669,,,,Tamil Nadu,ANANTHAPUR 1,,,,SRI HANUMAN ENTERPRISES,,normal
4,GEMINI ELECTRONICS COOLERS,,geminielectroni@gmail.com,9849184126,,,,Andhra Pradesh,ANANTHAPUR 1,,,,SRI HANUMAN ENTERPRISES,,normal
4,GOPI KRISHNA ELE,,gopikrishnaele@gmail.com,"0866 6511958,6630363",,,,Andhra Pradesh,GUDIWADA,,,,SAI TEJA INDO PLAST,,normal
4,GUPTA ENTERPRISES,,guptaenterprise@gmail.com,9000830580,,"D NO 28-1-47,ELURU ROAD,",,Andhra Pradesh,VIJAYAWADA,,,,SAI TEJA INDO PLAST,,normal
4,H.R.NOOR SHA ENTERPRISES,,h.r.noorshaente@gmail.com,7799323232,,BESIDE APG BANK  RLY STATION ROAD KOTHAPETA,,Odisha,DHARMAVARAM,515671,,,SAI TEJA INDO PLAST,,normal
4,HARI PRIYA ELECTRONICS,,haripriyaelectr@gmail.com,9490376389,,9/11/2010,BANK STREET ARUNDELPETA,Rajasthan,NARASARAOPETA,,,,SAI TEJA INDO PLAST,,normal
4,HARSHITHA HOME NEEDS,NAIDU,harshithahomene@gmail.com,9949846483,,,,Tamil Nadu,YELESWARAM,,,,SAI TEJA INDO PLAST,,normal
4,HASEENA ENTERPRISES,,haseenaenterpri@gmail.com,7386663601,,,,Andhra Pradesh,GOKAVARAM,,,,SAI TEJA INDO PLAST,,normal
4,INNOVATION,,innovation@gmail.com,,,OPP:BANK OF BARODA,,Andhra Pradesh,TADEPALLIGUDEM,,,,DWARAKA ENTERPRISES,,normal
4,INNOVATIONS SHOPPING MALL,,innovationsshop@gmail.com,08523-229444,,OPP HOTEL SRIDEVI,UNDI ROAD,Andhra Pradesh,BHIMAVARAM,,,,DWARAKA ENTERPRISES,,normal
4,J.B HOME NEEDS,,j.bhomeneeds@gmail.com,,,SHOP NO 2/207 NEAR SBI MAIN BRANCH BELLARY ROAD,,Andhra Pradesh,ALUR,518395,,,SAI TEJA INDO PLAST/ MADHU AGENCIES,,normal
4,JAYA SRI ELECTRICALS,,jayasrielectric@gmail.com,9292058895,,"kodhada road, near andhra bank",,Andhra Pradesh,JAGGAYYAPETA,,,,SAI TEJA INDO PLAST,,normal
4,JAYAM ELECTRONICS,,jayamelectronic@gmail.com,9959000696,,"DURGA MAHAL CENTRE,NEAR AXIX BANK",,Andhra Pradesh,MACHILIPATNAM,,,,SAI TEJA INDO PLAST,,cooler
4,JAYENE DIGITAL SHOPPY,,jayenedigitalsh@gmail.com,9246963939,,15/613 OPP RAJU FLEX RAJU ROAD KANAMALANAGAR,,Andhra Pradesh,ANANTHAPUR 1,,,,SRI HANUMAN ENTERPRISES,,normal
4,JEMINI PLAZA,,jeminiplaza@gmail.com,9533562699,,"DR NO 3-1-55,","MAIN ROAD,",Andhra Pradesh,KAKINADA,,,,SAI TEJA INDO PLAST,,normal
4,JYOTHI DIGITAL WORLD MGL,KRISHNA KANTH,jyothidigitalwo@gmail.com,,,MAIN ROAD,,Andhra Pradesh,MANGALAGIRI,,,,SAI TEJA INDO PLAST,,normal
4,JYOTHI ELECTRONICS COOLERS,,jyothielectroni@gmail.com,94404211711,,,,Andhra Pradesh,KOLLURU,,,,SAI TEJA INDO PLAST,,normal
4,JYOTHI ENTERPRISES,SRINIVASA RAO,jyothienterpris@gmail.com,9059339099,,,,Andhra Pradesh,TALLAPUDI,,,,DWARAKA ENTERPRISES,,normal
4,JYOTHI FURNITURE & ELECTRONICS,RAVIKANTH,jyothifurniture@gmail.com,9246537777,,,,Madhya Pradesh,TENALI,,,,SAI TEJA INDO PLAST,,normal
4,JYOTI ELECTRONICS,,jyotielectronic@gmail.com,"99,667,515,009,494,800,000",,"1/581/A,SATYA, ARCADE",G T ROAD,Andhra Pradesh,MANGALAGIRI,522503,,,SAI TEJA INDO PLAST,,normal
4,KALYAN ENTERPRISES,,kalyanenterpris@gmail.com,9866330106,,9E/52 REVENU COLONY ANANTHAPUR MAIN ROAD,,Andhra Pradesh,KALYANADURGAM,515761,,,SAI TEJA INDO PLAST,,normal
4,KALYANA CHAKRAVARTHI,,kalyanachakrava@gmail.com,9912641909,,NEAR GOLD MARKET,MAIN ROAD,Andhra Pradesh,PALAKOLLU,,,,DWARAKA ENTERPRISES,,normal
4,KAMADHENU ELECTRONICS,,kamadhenuelectr@gmail.com,9885800415,,BADRACHALEM ROAD,,Andhra Pradesh,MYLAVARAM,,,,SAI TEJA INDO PLAST,,normal
4,KARIMA ELECTRICAL WORKS,ADHAR NO: 4408 5834 0569,karimaelectrica@gmail.com,NARENDRA,,NEAR VIJAYA BANK,MAIN ROAD,Andhra Pradesh,BAPATLA,,,,SAI TEJA INDO PLAST,,cooler
4,KATYANI ENTERPRISES,9885409490,katyanienterpri@gmail.com,"98,855,267,729,666,800,000",,,,Telangana,ELURU,,,,DWARAKA ENTERPRISES,,normal
4,KATYANI ENTERPRISES ELURU,,katyanienterpri@gmail.com,9866942416,,POWER STATION ROAD,,Andhra Pradesh,ELURU,,,,DWARAKA ENTERPRISES,,normal
4,KAVITHA ELECTRONICS,,kavithaelectron@gmail.com,9966799421,,,,Karnataka,KANEKAL,,,,SAI TEJA INDO PLAST,,normal
4,KAVITHA ELECTRONICS COOLERS,,kavithaelectron@gmail.com,9849334089,,,,Telangana,KANEKAL,,,,SAI TEJA INDO PLAST,,normal
4,KGN ELECTRONICS,,kgnelectronics@gmail.com,,,1-153A/13 NURANIMASZID SHOP COMPLEX KG ROAF,,Andhra Pradesh,NANDIKOTKUR,518401,,,SAI TEJA INDO PLAST/ MADHU AGENCIES,,normal
4,KIRANMAIEE AVENUES PVT LTD,,kiranmaieeavenu@gmail.com,9948256999,,4-7-9 POWER PET STATION ROAD,,Andhra Pradesh,ELURU,534002,,,DWARAKA ENTERPRISES,,normal
4,KRISHNA GEETHA ENTERPRISES,,krishnageethaen@gmail.com,,,NEAR ANDRA BANK MAIN ROAD,,Andhra Pradesh,GANAPAVARAM,,,,DWARAKA ENTERPRISES,,normal
4,KRISHNAENTERPRISES,,krishnaenterpri@gmail.com,9849606800,,"10-13,OPP RING CENTER",KONDAPALLI BUSSTOP,Andhra Pradesh,IBRAHIMPATNAM,,,,SAI TEJA INDO PLAST,,normal
4,KUMAR ENTERPRISES,,kumarenterprise@gmail.com,7382250843,,"3-47,BIRUMAL STREET,",,Andhra Pradesh,NANDYALA1,,,,SAI TEJA INDO PLAST/ MADHU AGENCIES,,normal
4,KUMAR ENTERPRISES TV&FURNATURE SHOWROOM,MESHAK KUMAR,kumarenterprise@gmail.com,"08494 224122,9885694312",,"22-2-127/1,OPP RELIANCE,","P P ROAD,",Andhra Pradesh,BHIMAVARAM,,,,DWARAKA ENTERPRISES,,normal
4,KUNJETI ELECTRICALS AND GENERAL TRADERS,GANESH KUMAR.K,kunjetielectric@gmail.com,9494470185,,1-641-42 NEAR TOWER CLOCK,,Andhra Pradesh,KADHIRI,515591,,,SAI TEJA INDO PLAST,,normal
4,LAASYA SRI ENTERPRISES,,laasyasrienterp@gmail.com,9848596900,,"82-11-2, 7TH STREET,","NEAR MAHALAKSHMI TEMPLE,",Andhra Pradesh,RAJAMUNDRY,,,,THE RAJAMUNDRY INNOVATIONS,,cooler
4,LAKSHMI AGENCIES COOLERS,,lakshmiagencies@gmail.com,8143155221,,10/148 MANDY BAZAR,,Andhra Pradesh,GUNTAKAL,515801,,,SAI TEJA INDO PLAST,,normal
4,LAKSHMI CHAITANYA ELECTRICALS AND ELECTRONICS,MANOJ,lakshmichaitany@gmail.com,9949025253,,,,Andhra Pradesh,RAJAMUNDRY,,,,THE RAJAMUNDRY INNOVATIONS,,normal
4,LAKSHMI ELECTRONICS / GRL,NANDA REDDY,lakshmielectron@gmail.com,9849444999,,,,Andhra Pradesh,GURAJALA,,,,SAI TEJA INDO PLAST,,normal
4,LAKSHMI SAINADH ENTER PRISES,RAMBABU,lakshmisainadhe@gmail.com,,,29-18-3 / LAKSHMI COMPLEX,KANDHAKUM ROAD,Andhra Pradesh,RAJAMUNDRY,,,,THE RAJAMUNDRY INNOVATIONS,,normal
4,LAKSHMI SRINIVASA AGENCY,PRASANNANJAYELU SRIRAM,lakshmisrinivas@gmail.com,"85,000,140,549,440,500,000",,D NO 28-363,NEAR CLOCK TOWER,Andhra Pradesh,CHILAKALURIPETA,,,,SAI TEJA INDO PLAST,,normal
4,LAKSHMINARAYANA ELECTRONICS,,lakshminarayana@gmail.com,"85,000,140,549,440,500,000",,"NEAR BSNL OFFICE,SBI ROAD",,Andhra Pradesh,PUTTAPARTHI,515134,,,SAI TEJA INDO PLAST,,cooler
4,LAKSHMINARAYANA ELECTRONICS COOLERS,,lakshminarayana@gmail.com,,,"NEAR BSNL OFFICE,SBI ROAD",,Telangana,PUTTAPARTHI,515134,,,SAI TEJA INDO PLAST,,normal
4,LEELA LAKSHMI PRASANNA &CO,,leelalakshmipra@gmail.com,9848887745,,,,Andhra Pradesh,KARAMPUDI,,,,SAI TEJA INDO PLAST,,normal
4,MA ENTERPRISES,,maenterprises@gmail.com,"91,549,812,799,866,000,000",,SHOP NO 40-301-4 NEAR HOTEL BALAJI BELLARY ROAD,,Telangana,KURNOOL1,518002,,,SAI TEJA INDO PLAST/ MADHU AGENCIES,,normal
4,MAKAM TRADERS,,makamtraders@gmail.com,9985028591,,,,Telangana,GOOTY,,,,SRI HANUMAN ENTERPRISES,,normal
4,MALLIKARJUNA ELE AND FURNITURE,,mallikarjunaele@gmail.com,08494-224568,,OPP GUNDURI BROTHERS,KUKUDA ROAD,Andhra Pradesh,SURYAPETA,,,,SAI TEJA INDO PLAST,,normal
4,MANJUNATHA MARKETING,,manjunathamarke@gmail.com,9246844555,,D.NO1-617-E4 BEHIND LIC OFFICE WATER TANK ROAD,,Bihar,KADHIRI,515591,,,SAI TEJA INDO PLAST,,normal
4,MARUTHI ELE & HOME NEEDS,,maruthiele&home@gmail.com,9951444755,,MAIN ROAD,,Karnataka,PIDUGURALLA,,,,SAI TEJA INDO PLAST,,normal
4,MARUTHI ELECTRONICS & HOME NEEDS,,maruthielectron@gmail.com,9848769219,,VJA ROAD,,Andhra Pradesh,HANUMANJUNCTION,,,,SAI TEJA INDO PLAST,,normal
4,MARUTHI ENTERPRISES,MALLIKARJUNA RAO,maruthienterpri@gmail.com,9177742408,,OPP:R D O.OFFICE,STATION ROAD,Andhra Pradesh,NARASARAOPETA,,,,SAI TEJA INDO PLAST,,cooler
4,MASTAN ELECTRONICS,,mastanelectroni@gmail.com,"PH NO 0863 2255060,61",,RTC BUS STAND ROAD,,Karnataka,KOILKUNTLA,518134,,,SAI TEJA INDO PLAST/ MADHU AGENCIES,,normal
4,MATTUPALLI ELECTRONICS,,mattupallielect@gmail.com,9393550319,,GT ROAD BEHIND HINDU COLLEAGE,,Maharashtra,GUNTUR,,,,SAI TEJA INDO PLAST,,normal
4,MODERN AIR CONDITION AND HOME APPLIANCES,,modernaircondit@gmail.com,9848167892,,D.R 6/367 OPP NTR STACHU NRT CENTER,,Rajasthan,CHILAKALURIPETA,522616,,,SAI TEJA INDO PLAST,,normal
4,MS AGENCIES,BABJAN,msagencies@gmail.com,9959496220,,ROOM NO12 MADEENA COMPLEX,MAIN ROAD,Andhra Pradesh,DHARMAVARAM,,,,SAI TEJA INDO PLAST,,normal
4,MS ELECTRONICS,,mselectronics@gmail.com,7799299381,,114/115 NEW MUNICIPAL BUILDINGS  OLD BUS STAND,,Telangana,GUNTAKAL,515501,,,SAI TEJA INDO PLAST,,normal
4,MUBARAK ELECTRONICS,,mubarakelectron@gmail.com,9885216980,,10/95 OLD BUSSTAND,,Telangana,BANAGANAPALLI,,,,SAI TEJA INDO PLAST/ MADHU AGENCIES,,normal
4,MVV ENTERPRISES,,mvventerprises@gmail.com,9666048999,,"D/NO 12/103,OPP BANK OF BAROADA,JAGGAGEEVANRAM NAGAR",,Karnataka,DHARMAVARAM,,,,SAI TEJA INDO PLAST,,normal
4,MY HOME SHOPPY,CHENNNAKESAVA,myhomeshoppy@gmail.com,7093444999,,"DR NO 18-118,","OPP A TO Z COMPUTERS,",Andhra Pradesh,IBRAHIMPATNAM,,,,SAI TEJA INDO PLAST,,normal
4,MYVA DIGITAL/PONNUR,,myvadigital/pon@gmail.com,9440579336,,,,Andhra Pradesh,PONNUR,,,,SAI TEJA INDO PLAST,,normal
4,NAGA SHANMUKHA ELECTRONICS,,nagashanmukhael@gmail.com,9959841348,,"SHOP NO 6VASAVI SHOPING COMPLEX,GOPURAM ROAD",NEAR STATE BANK,Andhra Pradesh,PUTTAPARTHI,515134,,,SAI TEJA INDO PLAST,,normal
4,NAGA SIVA ELECTRONICS,,nagasivaelectro@gmail.com,"08554-236678,9494743707",,,,Andhra Pradesh,VUYYURU,,,,SAI TEJA INDO PLAST,,normal
4,NAGAS DIGITAL SHOPPY,,nagasdigitalsho@gmail.com,7989895053,,15/47 OPP VASAN EYE CARE KAMALANAGAR,RAJU ROAD,Telangana,ANANTHAPUR 1,515001,,,SRI HANUMAN ENTERPRISES,,normal
4,NARAYANA EMPORIUM,,narayanaemporiu@gmail.com,9346611144,,RAILWAY STATION  ROAD,,Andhra Pradesh,NIDADAVOLU,,,,DWARAKA ENTERPRISES,,normal
4,NAVODAYA ELECTRICALS,,navodayaelectri@gmail.com,,,,,Andhra Pradesh,PALAKOLLU,,,,DWARAKA ENTERPRISES,,normal
4,NAVODAYA ELECTRICALS NEW,,navodayaelectri@gmail.com,,,,,Haryana,PALAKOLLU,,,,SAI TEJA INDO PLAST,,normal
4,NEELIMA ELECTRONICS & HOME NEEDS,,neelimaelectron@gmail.com,2365201,,,,Andhra Pradesh,ASWARAOPETA,,,,SAI TEJA INDO PLAST,,normal
4,NEW GLASS HOUSE,,newglasshouse@gmail.com,9948442578,,33-1-1 AND 2 MAIN ROAD,,Andhra Pradesh,KAKINADA,533001,,,GVS TECHNOLOGIES,,normal
4,NEW KAVERI HOME NEEDS (HA),,newkaverihomene@gmail.com,,,NUMAN COMPLEX,,Andhra Pradesh,PALVENCHA,,,,SAI TEJA INDO PLAST,,normal
4,NEW MAKAM TRADERS,,newmakamtraders@gmail.com,,,7/1922 NEAR AMRUTHA TALKIES,,Andhra Pradesh,GOOTY,515401,,,SRI HANUMAN ENTERPRISES,,normal
4,NEW MAKAM TRADERS COOLERS,,newmakamtraders@gmail.com,9849237949,,,,Andhra Pradesh,GOOTY,,,,SRI HANUMAN ENTERPRISES,,normal
4,NEW SHILPA E/P (HA),,newshilpae/p(ha@gmail.com,,,JAGADAMBA CENTER,,Andhra Pradesh,ILLENDU,,,,SAI TEJA INDO PLAST,,normal
4,NEW SONOVISION,,newsonovision@gmail.com,9010184298,,,,Andhra Pradesh,BHIMAVARAM,,,,DWARAKA ENTERPRISES,,normal
4,NEW SRI SAI GANESH ENTERPRISES,PAVAN,newsrisaiganesh@gmail.com,9704884293,,ROOM NO 25 MUNICIPAL COMPLEX,NEAR RTC BUS STAND,Telangana,TADIPATHRI,,,,SAI TEJA INDO PLAST,,normal
4,NIHARIKA DIGITAL&HOME NEEDS,ANJANEYULU PRASAD,niharikadigital@gmail.com,8143796716,,"GROUND FLOOR 10-9-1,",ARUNDELPET,Andhra Pradesh,NARASARAOPETA,,,,SAI TEJA INDO PLAST,,normal
4,NYNI ENTERPRISES,,nynienterprises@gmail.com,,,D.NO 18-118,,Andhra Pradesh,IBRAHIMPATNAM,521456,,,SAI TEJA INDO PLAST,,normal
4,OM SAI BHASKHAR WATCH & ELECTRONICS,,omsaibhaskharwa@gmail.com,,,,,Andhra Pradesh,NANDIGAMA,,,,SAI TEJA INDO PLAST,,normal
4,PANDURANGA TV & HOME NEEDS,,pandurangatv&ho@gmail.com,9949565730,,,,Andhra Pradesh,CUMBUM,,,,SAI TEJA INDO PLAST,,normal
4,PENTA RAMACHENDRA RAO & SONS,,pentaramachendr@gmail.com,9866127407 / 9866439655,,MAIN ROAD,,Andhra Pradesh,KAKINADA,,,,GVS TECHNOLOGIES,,normal
4,PRAKASH ELECTRICALS,,prakashelectric@gmail.com,9848450792,,GAGANAMMA PETA,,Andhra Pradesh,TENALI,,,,SAI TEJA INDO PLAST,,normal
4,PREM NAGAR ELECTRONICS NAGESWARRAO,NAGESWARA RAO,premnagarelectr@gmail.com,9177717079,,C/O: NAGESWARA RAO,,Telangana,TIRUVURU,,,,SAI TEJA INDO PLAST,,normal
4,PVR FURNITURE & HOME NEEDS,NAGARAJU,pvrfurniture&ho@gmail.com,,,"20/73 , MAIN ROAD",REVENU WORD,Andhra Pradesh,NUZIVEEDU,,,,SAI TEJA INDO PLAST,,normal
4,R K ENTERPRISES VJA,,rkenterprisesvj@gmail.com,9059508758,,"BESIDE  ALANKAR BAKERY,PIPUL ROAD",,Telangana,VIJAYAWADA,,,,SAI TEJA INDO PLAST,,normal
4,R R ELECTRONICS,,rrelectronics@gmail.com,9440820450,,D.NO 12-1-5 OPP VIVEKANANDHA PRAK,JAWARHAR STREET,Andhra Pradesh,KAKINADA,,,,GVS TECHNOLOGIES,,normal
4,RADHA ENTERPRISES,,radhaenterprise@gmail.com,9440337235,,,,Andhra Pradesh,DACHEPALLI,,,,SAI TEJA INDO PLAST,,cooler
4,RADHA KRISHNA ELECTRONICS,,radhakrishnaele@gmail.com,9912514922,,MAIN ROAD,,Telangana,PENTAPADU,,,,DWARAKA ENTERPRISES,,normal
4,RAFI ELECTRONICS,,rafielectronics@gmail.com,7093971212,,G B C ROAD,MAIN ROAD,Andhra Pradesh,BAPATLA,,,,SAI TEJA INDO PLAST,,normal
4,RAGHAVENDRA ELE GDV,,raghavendraeleg@gmail.com,08516 222503,,,,Andhra Pradesh,GUDIWADA,,,,SAI TEJA INDO PLAST,,normal
4,RAGHAVENDRA ELECTRONICS,,raghavendraelec@gmail.com,9440526115,,D.NO  8-37/2 KOTHAPETA NEAR HDFC BANK,,Andhra Pradesh,DHONE,518222,,,SAI TEJA INDO PLAST/ MADHU AGENCIES,,normal
4,RAGHU ELECTRONICS,BHIMESWARA RAO,raghuelectronic@gmail.com,9703355664,,MAIN ROAD,,Telangana,NARASAPURAM,,,,DWARAKA ENTERPRISES,,normal
4,RAJ COMPUTERS &  ELECTRONICS,CHINAPAREDDY,rajcomputers&el@gmail.com,9703355664,,,,Andhra Pradesh,MACHERLA,,,,SAI TEJA INDO PLAST,,normal
4,RAJ COMPUTERS &  ELECTRONICS COOLERS,CHINAPAREDDY,rajcomputers&el@gmail.com,9885388496,,,,Andhra Pradesh,MACHERLA,,,,SAI TEJA INDO PLAST,,normal
4,RAJA ENTERPRISES,,rajaenterprises@gmail.com,9985295953,,4/22 MHS ROAD,,Maharashtra,NANDYALA1,,,,SAI TEJA INDO PLAST/ MADHU AGENCIES,,normal
4,RAJCO ELECTRONICS,,rajcoelectronic@gmail.com,9440080041,,,,Andhra Pradesh,JANGAREDDYGUDEM,,,,DWARAKA ENTERPRISES,,normal
4,RAJU ELECTRONICS,GANGA RAJU,rajuelectronics@gmail.com,9440080041,,3/418-1 OPP SRI MARKANDEYA SWAMY TEMPLE C.B ROAD,,Andhra Pradesh,TADIPATHRI,515411,,,SAI TEJA INDO PLAST,,normal
4,RAJU ELECTRONICS COOLERS,GANGA RAJU,rajuelectronics@gmail.com,9493760943,,3/418-1 OPP SRI MARKANDEYA SWAMY TEMPLE C.B ROAD,,Maharashtra,TADIPATHRI,515411,,,SAI TEJA INDO PLAST,,normal
4,RAMA DEVI ELE & HOME APPLIANCES,,ramadeviele&hom@gmail.com,,,,,Andhra Pradesh,RAYADURGAM,,,,SAI TEJA INDO PLAST,,normal
4,RAMA ELECTRICALS,,ramaelectricals@gmail.com,,,,,Telangana,VIJAYAWADA,,,,SAI TEJA INDO PLAST,,normal
4,RAMESH MADHIRA,C/O SRI VENKATESWARA ELE,rameshmadhira@gmail.com,9985934536,,,,Karnataka,MADHIRA,,,,SAI TEJA INDO PLAST,,normal
4,RAMU ELECTRONICS,,ramuelectronics@gmail.com,9177115536,,G B C ROAD,MAIN ROAD,Telangana,BAPATLA,,,,SAI TEJA INDO PLAST,,normal
4,RASHEED ELECTRONICS & HOME NEEDS,,rasheedelectron@gmail.com,,,GROUND FLOOR,"10-2-118,G B C ROAD",Andhra Pradesh,BAPATLA,,,,SAI TEJA INDO PLAST,,normal
4,RAVI ELECTRICALS,,ravielectricals@gmail.com,9966245118,,,,Andhra Pradesh,PALAKOLLU,,,,DWARAKA ENTERPRISES,,normal
4,RK DIGITAL SHOPPY,,rkdigitalshoppy@gmail.com,9966245118,,OPP MAMATHA HOTEL BESIDE KHADI BHANDAR,SREEKANTAM CIRCLE,Telangana,ANANTHAPUR 1,515001,,,SRI HANUMAN ENTERPRISES,,normal
4,RK DIGITAL SHOPPY COOLERS,,rkdigitalshoppy@gmail.com,9866041388,,OPP MAMATHA HOTEL BESIDE KHADI BHANDAR,SREEKANTAM CIRCLE,Andhra Pradesh,ANANTHAPUR 1,515001,,,SRI HANUMAN ENTERPRISES,,normal
4,ROSHAN LIGHTS,,roshanlights@gmail.com,9885932599,,,,Andhra Pradesh,CHILAKALURIPETA,,,,SAI TEJA INDO PLAST,,normal
4,ROYAL MOBILES,,royalmobiles@gmail.com,9885932599,,,,Andhra Pradesh,GUNTAKAL,,,,SAI TEJA INDO PLAST,,normal
4,ROYAL MOBILES COOLERS,,royalmobilescoo@gmail.com,9848092000,,,,Andhra Pradesh,GUNTAKAL,,,,SAI TEJA INDO PLAST,,normal
4,ROYALA TRADERS,Srinath Guptha,royalatraders@gmail.com,9553008558,,,,Andhra Pradesh,ADONI,,,,SAI TEJA INDO PLAST/ MADHU AGENCIES,,normal
4,RR ELECTRONICS,,rrelectronics@gmail.com,9959117193,,5-1-4/1 PALNADU ROAD,NARASARAOPETA,Rajasthan,NARASARAOPETA,,,,SAI TEJA INDO PLAST,,normal
4,RS MOBILES,,rsmobiles@gmail.com,,,9-195 OPP BALAJI HOTEL MG ROAD KAAMAYYATHOPU,,Andhra Pradesh,VIJAYAWADA,,,,SAI TEJA INDO PLAST,,normal
4,RUCHITA HOME NEEDS & ELECTRONICS,,ruchitahomeneed@gmail.com,9949838339/7799188858,,,,Andhra Pradesh,ASWARAOPETA,,,,SAI TEJA INDO PLAST,,normal
4,S V V JWELERY & HOME APPLIENCES,,svvjwelery&home@gmail.com,9849689903,,,,Andhra Pradesh,NUZIVEEDU,,,,SAI TEJA INDO PLAST,,normal
4,SADIQ COMMUNICATIONS,,sadiqcommunicat@gmail.com,,,3/302 MARKET ROAD,,Andhra Pradesh,GORANTLA,,,,SAI TEJA INDO PLAST,,normal
4,SAI BABA ENTER PRISES,,saibabaenterpri@gmail.com,9347121222,,,,Rajasthan,KAIKALURU,,,,SAI TEJA INDO PLAST,,normal
4,SAI BALAJI ENTERPRISES,RAKESH,saibalajienterp@gmail.com,,,RAILWAY TRACK ROAD,R.R PET,Andhra Pradesh,ELURU,,,,DWARAKA ENTERPRISES,,normal
4,SAI ELECTRONICS,,saielectronics@gmail.com,,,,,Andhra Pradesh,MADHIRA,,,,SAI TEJA INDO PLAST,,normal
4,SAI ELECTRONICS&FURNITURES,,saielectronics&@gmail.com,,,10-48/1,MAIN ROAD,Andhra Pradesh,CHERUKUPALLI,,,,SAI TEJA INDO PLAST,,normal
4,SAI HARIKA ENTERPRISES,,saiharikaenterp@gmail.com,,,,,Andhra Pradesh,VIJAYAWADA,,,,SAI TEJA INDO PLAST,,normal
4,SAI PRAKASH FURNITURES & HOME APPLIANCES,,saiprakashfurni@gmail.com,9133611884/9848144939,,YENUGUPALEM ROAD,,Andhra Pradesh,VINUKONDA,,,,SAI TEJA INDO PLAST,,normal
4,SAI PRIYA ENTERPRISES & ELE,,saipriyaenterpr@gmail.com,9441087192,,STATION ROAD,,Andhra Pradesh,KAIKALURU,,,,SAI TEJA INDO PLAST,,cooler
4,SAI RAM ENTER PRISES,,sairamenterpris@gmail.com,,,POTTURU ROAD,,Andhra Pradesh,KAMAVARAPUKOTA,,,,SAI TEJA INDO PLAST,,normal
4,SAI RAMANA ELECTRONICS (markapuram),,sairamanaelectr@gmail.com,9948374499,,,,Andhra Pradesh,MARKAPURAM,,,,SAI TEJA INDO PLAST,,normal
4,SAI SRINIVASA COMPUTERS,,saisrinivasacom@gmail.com,,,,,Telangana,VIJAYAWADA,,,,SAI TEJA INDO PLAST,,normal
4,SAI SRINIVASA ELECTRONICS,,saisrinivasaele@gmail.com,9848254113,,,,Andhra Pradesh,TADEPALLIGUDEM,,,,DWARAKA ENTERPRISES,,normal
4,SAI TEJA ELECTRONICS,,saitejaelectron@gmail.com,8008593266,,,,Andhra Pradesh,PONNUR,,,,SAI TEJA INDO PLAST,,normal
4,SAIRAM ENTERPRISES,GOVINDHURAJULU,sairamenterpris@gmail.com,9.19494E+11,,"D NO 6-528,","MAIN ROAD,",Andhra Pradesh,KARLAPALEM,,,,SAI TEJA INDO PLAST,,normal
4,SANGEETA ELECTRONICS & HOME APPLIANCES,,sangeetaelectro@gmail.com,9493760943,,"10-3-432/4,MMP COMPLEX,",LAKSHMI BAZAAR,Andhra Pradesh,RAYADURGAM,515865,,,SAI TEJA INDO PLAST,,normal
4,SANGEETA ELECTRONICS & HOMEAPPLIANCES COOLERS,,sangeetaelectro@gmail.com,9441126305,,"10-3-432/4,MMP COMPLEX,",LAKSHMI BAZAAR,Andhra Pradesh,RAYADURGAM,515865,,,SAI TEJA INDO PLAST,,cooler
4,SANTHI SRI MOTORS AND PIPE TRADERS,,santhisrimotors@gmail.com,8106835226,,"2-174 NELLORE ROAD,OPP R&B BANGLOW",,Telangana,ONGOLE,,,,SURYA ELECTRONICS,,normal
4,SAPTAGIRI ELECTRONICS,GIRI BAABU,saptagirielectr@gmail.com,,,KURNOOL ROAD,,Andhra Pradesh,GOOTY,515401,,,SRI HANUMAN ENTERPRISES,,normal
4,SARADA ELECTRONICS,,saradaelectroni@gmail.com,9866235651,,,,Andhra Pradesh,JAGGAYYAPETA,,,,SAI TEJA INDO PLAST,,normal
4,SASHA SAI HOME NEEDS,,sashasaihomenee@gmail.com,9440130486,,OPP SWAPNA DIGHTER,BHUVANAPALLI,Telangana,GANAPAVARAM,,,,DWARAKA ENTERPRISES,,normal
4,SATYA ENTERPRISES,,satyaenterprise@gmail.com,9440607846,,,,Andhra Pradesh,AKIVEEDU,,,,SAI TEJA INDO PLAST,,normal
4,SATYAM ELECTRONICS & HOME NEEDS,,satyamelectroni@gmail.com,9703050532,,,,Andhra Pradesh,ASWARAOPETA,,,,SAI TEJA INDO PLAST,,normal
4,SATYAM FURNITURE,,satyamfurniture@gmail.com,7893354170,,,,Andhra Pradesh,CHERUKUPALLI,,,,SAI TEJA INDO PLAST,,normal
4,SATYANARAYANA SILVER SHOP,,satyanarayanasi@gmail.com,9848164000,,,,Andhra Pradesh,TENALI,,,,SAI TEJA INDO PLAST,,normal
4,SEETHARAMA ELECTRONICS,,seetharamaelect@gmail.com,,,"Add: 20-1-37, opposite district central library
Main road",,Andhra Pradesh,KAKINADA,533001,,,SAI TEJA INDO PLAST,,normal
4,SHIRID SAI ELECTRONICS,,shiridsaielectr@gmail.com,9866424617,,"OPP.LAKSHMI THEATER,ENUGUPALEM ROAD,VINUKONDA.522647",",ENUGUPALEM ROAD,",Andhra Pradesh,VINUKONDA,,,,SAI TEJA INDO PLAST,,normal
4,SHIRIDISAI ELECTRONICS,,shiridisaielect@gmail.com,9866424617,,VALLISAB ROAD,,Telangana,KADHIRI,,,,SAI TEJA INDO PLAST,,normal
4,SHIRIDISAI ELECTRONICS COOLERS,,shiridisaielect@gmail.com,7013078462,,VALLISAB ROAD,,Andhra Pradesh,KADHIRI,,,,SAI TEJA INDO PLAST,,normal
4,SIDDHI VINAYAKA ENTER PRISES,NARESH,siddhivinayakae@gmail.com,"70,958,417,069,182,500,000",,"15/338,T SARASWATHI, PRT MAIN ROAD",ANANTAPUR (D.T),Andhra Pradesh,DHARMAVARAM,515671,,,SAI TEJA INDO PLAST,,normal
4,SIVA ENTERPRISES,,sivaenterprises@gmail.com,"99,486,366,649,505,200,000",,SHOP NO 1 NEAR PANCHAYATI OFFICE,,Andhra Pradesh,GADIVEMULA,518508,,,SAI TEJA INDO PLAST/ MADHU AGENCIES,,normal
4,SIVA KUMAR REDDY.P,,sivakumarreddy.@gmail.com,9490970030,,BANDARLAPALLI,,Andhra Pradesh,ANANTHAPUR 1,,,,SRI HANUMAN ENTERPRISES,,normal
4,SIVA METAL & HOME NEEDS,,sivametal&homen@gmail.com,"99,497,544,299,440,300,000",,MAIN BAZAR,BESIDE:PEDAVANTENA,Andhra Pradesh,ELURU,,,,DWARAKA ENTERPRISES,,normal
4,SIVA SAI COLD STORAGE PVT LTD,,sivasaicoldstor@gmail.com,8297236214,,NALLAPADU ROAD,,Telangana,GUNTUR,,,,SAI TEJA INDO PLAST,,normal
4,SK ELECTRONICS AND HOME APPLIANCIES,KARIEM,skelectronicsan@gmail.com,9642323007,,B2 RAJ THEATRE COMPLEX,,Andhra Pradesh,NANDYALA1,518501,,,SAI TEJA INDO PLAST/ MADHU AGENCIES,,normal
4,SKMT AGENCY,,skmtagency@gmail.com,,,28-998-B SAI BAB NAGAR CENTER NEAR SBI BANK,,Andhra Pradesh,NANDYALA1,518502,,,SAI TEJA INDO PLAST/ MADHU AGENCIES,,normal
4,SLVS ELECTRONICS,,slvselectronics@gmail.com,7794073058,,,,Andhra Pradesh,DORNALA,,,,SAI TEJA INDO PLAST,,normal
4,SMART CITY,,smartcity@gmail.com,,,,,Andhra Pradesh,RATNAKUMARA DEALERS,,,,SAI TEJA INDO PLAST,,normal
4,SMART COOL MARKETING,,smartcoolmarket@gmail.com,,,,,Andhra Pradesh,VIJAYAWADA,,,,SAI TEJA INDO PLAST,,normal
4,SONOVISION ENTERPRISES,,sonovisionenter@gmail.com,9885482228,,VINODHA TALKIES,ELURU ROAD,Andhra Pradesh,VIJAYAWADA,,,,SAI TEJA INDO PLAST,,normal
4,SONOVISION WATCH AND ELECTRONICS,,sonovisionwatch@gmail.com,"98,481,132,977,207,400,000",,,,Andhra Pradesh,SATTUPALLI,,,,SAI TEJA INDO PLAST,,normal
4,SREE LAKSHMI GANAPATHY ELECTRONICS & MOBILES,HARIKRISHNA,sreelakshmigana@gmail.com,,,D NO 4-91,"RYTHUPETA,",Andhra Pradesh,NANDIGAMA,,,,SAI TEJA INDO PLAST,,normal
4,SREE SAI TV SERVICE CENTER,,sreesaitvservic@gmail.com,8985874997,,7/456 NAVARANG TALKIES ROAD,,Andhra Pradesh,TADIPATHRI,515411,,,SAI TEJA INDO PLAST,,normal
4,SRI ADHITYA ELECTRONICS,SAI SRINIVAS,sriadhityaelect@gmail.com,9666558828,,CHOUTHRA CENTRE,,Bihar,CHILAKALURIPETA,,,,SAI TEJA INDO PLAST,,normal
4,SRI ASHOK CHAKRAVARTHY ELE & HOME NEEDS,,sriashokchakrav@gmail.com,9866595357,,,,Andhra Pradesh,GOOTY,,,,SRI HANUMAN ENTERPRISES,,normal
4,SRI AYYAPPA ELECTRONICS,,sriayyappaelect@gmail.com,9949008795,,,,Andhra Pradesh,GUDIWADA,,,,SAI TEJA INDO PLAST,,normal
4,SRI BALAJI ENTERPRISES,NARESH,sribalajienterp@gmail.com,9951505854,,"NEAR POLICE COMPLEX , MAIN RAOD ,KARAMPUDI",,Andhra Pradesh,KARAMPUDI,,,,SAI TEJA INDO PLAST,,cooler
4,SRI BHANU ELECTRONICS & HOME NEEDS,,sribhanuelectro@gmail.com,9848111530,,CLOCK TOWER /CHOWTHRA CENTER,,Andhra Pradesh,CHILAKALURIPETA,,,,SAI TEJA INDO PLAST,,normal
4,SRI BHARGAVI ELECTRONICS,PRASAD,sribhargavielec@gmail.com,9440646256,,SHOP NO:22 - N T R STADIUM,,Andhra Pradesh,GUDIWADA,,,,SAI TEJA INDO PLAST,,normal
4,SRI BRAHMANANDA ELECTRONICCCS  AND TV SHOW   ROOM,,sribrahmanandae@gmail.com,9490402262,,OPP GANDHI STATU MAINROAD,,Andhra Pradesh,ANAPARTHI,533342,,,SAI TEJA INDO PLAST,,normal
4,SRI DEEPTHI ENTERPRISES,Ramanjaneyulu,srideepthienter@gmail.com,8886846999,,CHENNA REDDY COMPLEX SHIVA CIRCLE,,Andhra Pradesh,PRABHAKAR DEALERS,518360,,,SAI TEJA INDO PLAST/ MADHU AGENCIES,,normal
4,SRI DHANALAKSHMI AGENCIES,SYAMAKURTHI RAMA MOHAN,sridhanalakshmi@gmail.com,7396143393,,VENKATARAMA THEATER COMPLEX,CANAL ROAD,Andhra Pradesh,ATTILI,534134,,,SAI TEJA INDO PLAST,,normal
4,SRI DHANALAKSHMI AGENCIES kovvuru,,sridhanalakshmi@gmail.com,7396143393,,,,Andhra Pradesh,KOVVURU,,,,SAI TEJA INDO PLAST,,normal
4,SRI DHANALAKSHMI HOME APPLIANCES COOLERS,,sridhanalakshmi@gmail.com,,,,,Telangana,KOVVURU,,,,SAI TEJA INDO PLAST,,normal
4,SRI GANESH RADIO ELECTRONICS,,sriganeshradioe@gmail.com,9912735666,,,,Andhra Pradesh,VISSANNAPETA,,,,SAI TEJA INDO PLAST,,normal
4,SRI GAYATHRI ELECTRONICS,,srigayathrielec@gmail.com,9030907803,,,,Andhra Pradesh,TADEPALLIGUDEM,,,,DWARAKA ENTERPRISES,,normal
4,SRI HARI DIGITAL SHOPPY,,sriharidigitals@gmail.com,9030907803,,,,Andhra Pradesh,PENUKONDA,,,,SAI TEJA INDO PLAST,,normal
4,SRI HARI DIGITAL SHOPPY COOLERS,,sriharidigitals@gmail.com,9866199199,,,,Madhya Pradesh,PENUKONDA,,,,SAI TEJA INDO PLAST,,normal
4,SRI INNOVATIONS,NARESH,sriinnovations@gmail.com,,,,,Odisha,NARASAPURAM,,,,DWARAKA ENTERPRISES,,normal
4,SRI KANAKA DURGA ELECTRONICS,,srikanakadurgae@gmail.com,,,OPP RAITHU BAZAR,,Andhra Pradesh,MACHILIPATNAM,,,,SAI TEJA INDO PLAST,,normal
4,SRI KARTHIKEYA ELECTRONICS&AUTO MOBILES,RAMESH,srikarthikeyael@gmail.com,9866817615,,,,Andhra Pradesh,VATSAVAI,,,,SAI TEJA INDO PLAST,,normal
4,SRI KRISHNA ENTERPRISES,NAGESH,srikrishnaenter@gmail.com,9441709399,,GUNTUR ROAD BESAIDE MEE SEVA,,Andhra Pradesh,TUNI,,,,SAI TEJA INDO PLAST,,cooler
4,SRI LAKSHMI AGENCIES,,srilakshmiagenc@gmail.com,,,DR NO:10-4-15,FORT GATE / RANGREEZ PETA,Delhi,RAJAMUNDRY,,,,SAI TEJA INDO PLAST,,normal
4,SRI LAKSHMI AUTO APPLIANCES,,srilakshmiautoa@gmail.com,9866026305,,DARBHARA ROAD,,Andhra Pradesh,CHIRALA,,,,SAI TEJA INDO PLAST,,normal
4,SRI LAKSHMI ELECTRICALS,,srilakshmielect@gmail.com,"954200407, 7799200800",,MAIN ROAD,,Andhra Pradesh,REPALLE,,,,SAI TEJA INDO PLAST,,cooler
4,SRI LAKSHMI GANAPATHI ELECTRONICS & HOME APPLIANCES,RAVINDRA K,srilakshmiganap@gmail.com,,,"LAWYERS STREET,","KOTHAPETA,",Andhra Pradesh,VINUKONDA,,,,SAI TEJA INDO PLAST,,normal
4,SRI LAVANYA ELECTRONICS,,srilavanyaelect@gmail.com,9848474614,,,,Andhra Pradesh,ASWARAOPETA,,,,SAI TEJA INDO PLAST,,normal
4,SRI MAHESH ELECTRONICS,,srimaheshelectr@gmail.com,9010023245,,JANARDHANA SWAMY TEMPLE STREET,,Andhra Pradesh,KANDUKURU,523105,,,SAI TEJA INDO PLAST,,normal
4,SRI MANIKANTA HOME NEEDS,,srimanikantahom@gmail.com,9849134969,,RTC COMPLEX ROAD,,Andhra Pradesh,RAMACHENDRAPURAM,,,,SAI TEJA INDO PLAST,,normal
4,SRI MANIKANTA TRADING CO,,srimanikantatra@gmail.com,9885024711,,OPP SBI MAIN ROAD,,Andhra Pradesh,PEDDAPURAM,,,,SAI TEJA INDO PLAST,,normal
4,SRI MANIKANTA TV & HOME APPLIANCE,,srimanikantatv&@gmail.com,9701516692,,MAIN ROAD,,Andhra Pradesh,SATTENAPALLI,,,,SAI TEJA INDO PLAST,,normal
4,SRI MANJUNATHA MOBILES AND ENTERPRISES,,srimanjunathamo@gmail.com,,,"BESIDE SYNDICATE BANK,LAKSHMI BAZAR",,Andhra Pradesh,RAYADURGAM,515865,,,SAI TEJA INDO PLAST,,normal
4,SRI MATTUPALLI APPLIENCES,,srimattupalliap@gmail.com,9247789773,,MAIN ROAD,,Andhra Pradesh,GUNTUR,,,,SAI TEJA INDO PLAST,,normal
4,SRI NATIONAL ELECTRONICS& HOME NEEDS,,srinationalelec@gmail.com,9550806612,,,,Telangana,JAGGAYYAPETA,,,,SAI TEJA INDO PLAST,,normal
4,SRI PADMA TV CENTER & HOME NEEDS,SATYANARAYANA REDDY,sripadmatvcente@gmail.com,9581265859,,CINE ROAD,,Andhra Pradesh,MANDAPETA,,,,SAI TEJA INDO PLAST,,normal
4,SRI RAJA ELECTRONICS,,srirajaelectron@gmail.com,9581265859,,,,Telangana,TADIPATHRI,,,,SAI TEJA INDO PLAST,,normal
4,SRI RAJA ELECTRONICS COOLERS,,srirajaelectron@gmail.com,,,,,Telangana,TADIPATHRI,,,,SAI TEJA INDO PLAST,,normal
4,SRI RAJESWARI ENTERPRISES,,srirajeswarient@gmail.com,9849847517,,C/O G R HOME NEEDS,,Tamil Nadu,NUZIVEEDU,,,,SAI TEJA INDO PLAST,,normal
4,SRI RAJYALAKSHMI ELECTRONICS & HOME NEEDS,,srirajyalakshmi@gmail.com,9177895039,,,,Andhra Pradesh,REPALLE,,,,SAI TEJA INDO PLAST,,normal
4,SRI RANGA ELECTRONICS,,srirangaelectro@gmail.com,9848345862,,,,Andhra Pradesh,GUNTAKAL,,,,SAI TEJA INDO PLAST,,normal
4,SRI RAVI TEJA ENTERPRISES,,sriravitejaente@gmail.com,,,RAJEEV CHOUK,,Andhra Pradesh,JAGGAYYAPETA,,,,SAI TEJA INDO PLAST,,normal
4,SRI SAI AGENCIES / OGL,VIJAY,srisaiagencies/@gmail.com,,,SHOP NO :62,"81,82 SURYA COMPLEX",Andhra Pradesh,ONGOLE,,,,SURYA ELECTRONICS,,normal
4,SRI SAI DURGA HOME NEEDS,,srisaidurgahome@gmail.com,8654225149,,"23-10-1,OPP SARADA COLLEGE BUS STOP,","BRTS ROAD,",Andhra Pradesh,VIJAYAWADA,,,,SAI TEJA INDO PLAST,,normal
4,SRI SAI E/P,,srisaie/p@gmail.com,,,MAIN ROAD,,Andhra Pradesh,JAGGAYYAPETA,,,,SAI TEJA INDO PLAST,,normal
4,SRI SAI ELECTRONICS,,srisaielectroni@gmail.com,,,,,Andhra Pradesh,NALLAZARLA,,,,DWARAKA ENTERPRISES,,normal
4,SRI SAI JYOTHI ELECTRONICS,,srisaijyothiele@gmail.com,9059513617,,,,Andhra Pradesh,TENALI,,,,SAI TEJA INDO PLAST,,normal
4,SRI SAI KRISHNA FURNITURE&HOME NEEDS,NAGESWARAO,srisaikrishnafu@gmail.com,9949487500,,"GOKAVARAM ROAD,",OPP SAI BABA TEMPLE,Andhra Pradesh,JAGGAMPETA,,,,SAI TEJA INDO PLAST,,normal
4,SRI SAI LAKSHMI AGENCIES,,srisailakshmiag@gmail.com,,,4-123/1 NEAR SAI BABA TEMPLE MAIN ROAD,,Andhra Pradesh,DHAVALESWARAM,,,,SAI TEJA INDO PLAST,,normal
4,SRI SAI LAKSHMI ELECTRONICS & HOME NEEDS,,srisailakshmiel@gmail.com,9989010186,,,,Andhra Pradesh,JANGAREDDYGUDEM,,,,SAI TEJA INDO PLAST,,normal
4,SRI SAI MARK ENTERPRISES,,srisaimarkenter@gmail.com,,,,,Andhra Pradesh,URAVAKONDA,,,,SAI TEJA INDO PLAST,,normal
4,SRI SAI RAM ELECTRONICS,,srisairamelectr@gmail.com,9848538599,,,,Andhra Pradesh,CHALLAPALLI,,,,SAI TEJA INDO PLAST,,cooler
4,SRI SAI RAM ELECTRONICSS,RAM BABU,srisairamelectr@gmail.com,,,POLICE BOMMA CENTER,PP ROAD,Andhra Pradesh,BHIMAVARAM,,,,DWARAKA ENTERPRISES,,normal
4,SRI SAI SRINIVASA DIGITAL SHOPPE,,srisaisrinivasa@gmail.com,9989159313,,OPP PADMA THEATRE,,Andhra Pradesh,YANAM,,,,SAI TEJA INDO PLAST,,normal
4,SRI SAI TEJA ELECTRONICS,CHANDRASEKHAR REDDY,srisaitejaelect@gmail.com,9949425744,,,,Andhra Pradesh,CHILAKALURIPETA,,,,SAI TEJA INDO PLAST,,normal
4,SRI SAI TV SHOW ROOM,,srisaitvshowroo@gmail.com,9949425744,,,,Andhra Pradesh,GUNTAKAL,,,,SAI TEJA INDO PLAST,,cooler
4,SRI SAI TV SHOW ROOM COOLERS,,srisaitvshowroo@gmail.com,9885541321,,,,Andhra Pradesh,GUNTAKAL,,,,SAI TEJA INDO PLAST,,normal
4,SRI SAIRAM ELECTRONICS,PRASAD,srisairamelectr@gmail.com,9247051477,,,,Telangana,GUNTUR,,,,SAI TEJA INDO PLAST,,normal
4,SRI SAIRAM TECHNICAL AGENCIES,,srisairamtechni@gmail.com,9491336483,,D NO 12-25-123,LEELA MAHAL ROAD,Andhra Pradesh,GUNTUR,,,,SAI TEJA INDO PLAST,,normal
4,SRI SAMBASIVA ENTER PRISES,,srisambasivaent@gmail.com,9059605486,,DR NO:9/441/1,KAREMPUDI CIRCLE,Andhra Pradesh,DACHEPALLI,,,,SAI TEJA INDO PLAST,,normal
4,SRI SAROJINI AGENCIES,TRIVEDI,srisarojiniagen@gmail.com,9441461116,,"HUZAR NAGAR X ROAD,",,Andhra Pradesh,KODADA,,,,SAI TEJA INDO PLAST,,normal
4,SRI SATYA SAI HOMENEEDS TV&FUR SHOWROOM,,srisatyasaihome@gmail.com,9885033197,,MARKET ROAD,,Andhra Pradesh,RAVULAPALEM,,,,SAI TEJA INDO PLAST,,normal
4,SRI SEETHARAMA ELECTRONICS & HOME APPLIANCES,SUBBARAO,sriseetharamael@gmail.com,9440428883,,11/3/307/1,Opp. R & B BANGALOW,Andhra Pradesh,MACHERLA,,,,SAI TEJA INDO PLAST,,normal
4,SRI SIRI VENNELA REFRIGIRATIONS&HOME NEEDS,,srisirivennelar@gmail.com,8558223254,,MUSLIM STREET,,Andhra Pradesh,AMALAPURAM,,,,SAI TEJA INDO PLAST,,normal
4,SRI SIVA RAGHAVENDRA ELECTRONICS,,srisivaraghaven@gmail.com,8558223254,,#7/458 NAVARANG TALKIES ROAD,,Andhra Pradesh,TADIPATHRI,515411,,,SAI TEJA INDO PLAST,,normal
4,SRI SIVA RAGHAVENDRA ELECTRONICS COOLERS,,srisivaraghaven@gmail.com,9848124120,,#7/458 NAVARANG TALKIES ROAD,,Andhra Pradesh,TADIPATHRI,515411,,,SAI TEJA INDO PLAST,,normal
4,SRI SRINIVASA ENTERPRISES,,srisrinivasaent@gmail.com,9985826798,,MAIN ROAD,,Telangana,PIDUGURALLA,,,,SAI TEJA INDO PLAST,,normal
4,SRI SUBRAMANYESWARA ELECTRONICS,,srisubramanyesw@gmail.com,,,6-2-42 OPP PRATHAP TALKIES TB ROAD,,Andhra Pradesh,ALLAGADDA,518543,,,SAI TEJA INDO PLAST/ MADHU AGENCIES,,normal
4,SRI SUCHITRA ELECTRONICS,,srisuchitraelec@gmail.com,9912868229,,K N ROAD,,Andhra Pradesh,TADEPALLIGUDEM,,,,DWARAKA ENTERPRISES,,normal
4,SRI SUMANA ELECTRONICS,,srisumanaelectr@gmail.com,9866414600,,LAKSHMI BAZAR MAIN ROAD,,Andhra Pradesh,RAYADURGAM,,,,SAI TEJA INDO PLAST,,normal
4,SRI SURYA PRASAD ELECTRONICS & HOME NEEDS,MALLIKARJUNA PRASAD,srisuryaprasade@gmail.com,9866032532,,COLLEGE ROAD,,Andhra Pradesh,MALIKIPURAM,,,,SAI TEJA INDO PLAST,,normal
4,SRI SURYA SONOVISION FURNITURE &ELECTRONICS,,srisuryasonovis@gmail.com,9951783122,,,,Andhra Pradesh,TIRUVURU,,,,SAI TEJA INDO PLAST,,normal
4,SRI V R ELECTRONICS,,srivrelectronic@gmail.com,9848023514,,D.NO 4-1 MAIN ROAD,,Andhra Pradesh,DRAKSHARAMAM,533262,,,SAI TEJA INDO PLAST,,normal
4,SRI VASTA ELECTRONICS,,srivastaelectro@gmail.com,9866436738,,TVR ROAD,,Andhra Pradesh,NUZIVEEDU,,,,SAI TEJA INDO PLAST,,normal
4,SRI VENKATESWARA ELE,,srivenkateswara@gmail.com,9985467202,,ZAD ROAD,,Andhra Pradesh,MADHIRA,,,,SAI TEJA INDO PLAST,,normal
4,SRI VENKATESWARA ELECTRICALS & GENARALS STORES,CHITTHARANJANKUMAR CHARUGUNDLA,srivenkateswara@gmail.com,,,MAIN ROAD,,Andhra Pradesh,GAMPALAGUDEM,,,,SAI TEJA INDO PLAST,,normal
4,SRI VENKATESWARA HOME NEEDS,,srivenkateswara@gmail.com,9618423122,,,,Andhra Pradesh,YELESWARAM,,,,SAI TEJA INDO PLAST,,normal
4,SRI VENKATESWARA HOMENEEDS,APPARAO,srivenkateswara@gmail.com,,,NEAR GURAJADA CONVIMENT,,Andhra Pradesh,GANAPAVARAM,,,,DWARAKA ENTERPRISES,,cooler
4,SRI VENUGOPAL ELECTRONICS,,srivenugopalele@gmail.com,,,"GVT HOSPITAL,8-53",GANDHI BOMMA CENTER,Andhra Pradesh,PENTAPADU,,,,DWARAKA ENTERPRISES,,normal
4,SRI VIGNESWARA HOME NEEDS AND GENERAL STORES,,srivigneswaraho@gmail.com,9440949853,,MAIN ROAD,,Andhra Pradesh,DRAKSHARAMAM,533262,,,SAI TEJA INDO PLAST,,normal
4,SRI VIJAYA LAKSHMI ELECTRONICS,VINOD,srivijayalakshm@gmail.com,9493961739,,"RAMATAKIES LANE , 2 nd SHOP ,",,Andhra Pradesh,MACHERLA,,,,SAI TEJA INDO PLAST,,normal
4,SRI VIJAYA LAKSHMI ENTER PRISES,SATYANARAYANA,srivijayalakshm@gmail.com,08812-230908,,,,Andhra Pradesh,YELESWARAM,,,,SAI TEJA INDO PLAST,,normal
4,SRI VIJAYA SAI AGENCIES,,srivijayasaiage@gmail.com,9247229773,,NEAR MUNICIPAL OFFICE CANAL ROAD,,Andhra Pradesh,ELURU,,,,DWARAKA ENTERPRISES,,normal
4,SRI VISHNU ENTERPRISES & HOME NEEDS,KIRAN,srivishnuenterp@gmail.com,9848025644,,"rajeev chock, near maseed",,Andhra Pradesh,JAGGAYYAPETA,,,,SAI TEJA INDO PLAST,,normal
4,SRIKANTHS DIGI SHOPPE,,srikanthsdigish@gmail.com,9866623885,,"D NO 1-16-2306,NEW BRIDGE ROAD",NEAR INDIANE GAS CO,Andhra Pradesh,TADEPALLIGUDEM,534101,,,DWARAKA ENTERPRISES,,normal
4,SRILALITHA ENTERPRISES,,srilalithaenter@gmail.com,,,GANDI CENTER,,Andhra Pradesh,CHAGALAMARRI,518553,,,SAI TEJA INDO PLAST/ MADHU AGENCIES,,normal
4,SRINIVAS MADHIRA,C/O SRI VENKATESWARA ELE,srinivasmadhira@gmail.com,9494156056,,,,Telangana,MADHIRA,,,,SAI TEJA INDO PLAST,,normal
4,SRINIVASA DIGITAL SHOPPY,,srinivasadigita@gmail.com,9885441319,,OPP ADITYA JUNIOR COLLEAGE,"COLLEAGE ROAD,",Andhra Pradesh,AMALAPURAM,,,,SAI TEJA INDO PLAST,,normal
4,SRINIVASA ELE  GUDIWADA,,srinivasaelegud@gmail.com,,,ELURU ROAD,,Andhra Pradesh,GUDIWADA,,,,SAI TEJA INDO PLAST,,normal
4,SRINIVASA ELECTRONICS & ELECTRICALS,,srinivasaelectr@gmail.com,9848819429,,,,Andhra Pradesh,PEDANA,,,,SAI TEJA INDO PLAST,,normal
4,SRINIVASA ELECTRONICS & MOBILES,SRINIVASA RAO,srinivasaelectr@gmail.com,9441997625,,OLD BUS STAND,POLICE COMPLEX / SHOP NO:2,Andhra Pradesh,NANDIGAMA,,,,SAI TEJA INDO PLAST,,normal
4,SRINIVASA SELECTIONS,,srinivasaselect@gmail.com,8500793413,,,,Andhra Pradesh,CHIRALA,,,,SAI TEJA INDO PLAST,,normal
4,SRINIVASA TRADING CO,REDDY GARU,srinivasatradin@gmail.com,8500793413,,,,Andhra Pradesh,YELESWARAM,,,,SAI TEJA INDO PLAST,,normal
4,SRINIVASA TRADING CO COOLERS,REDDY GARU,srinivasatradin@gmail.com,9885630530,,,,Andhra Pradesh,YELESWARAM,,,,SAI TEJA INDO PLAST,,normal
4,SRM ELECTRONICS NANDYAL,,srmelectronicsn@gmail.com,08497-220775,,25/624 NAIDU COMPLEX SRINIVASANAGAR,,Pondicherry,NANDYALA1,,,,SAI TEJA INDO PLAST/ MADHU AGENCIES,,normal
4,SS HOME NEEDS,,sshomeneeds@gmail.com,9885521001,,# 8/255 NEAR OLD BUS STAND ANANTHAPUR ROAD,,Andhra Pradesh,KALYANADURGAM,515761,,,SAI TEJA INDO PLAST,,normal
4,STAR ELECTRONICS,,starelectronics@gmail.com,9949735235,,,,Andhra Pradesh,VIJAYAWADA,,,,SAI TEJA INDO PLAST,,normal
4,STAR VISION TV SHOP,,starvisiontvsho@gmail.com,,,NEAR:INDIAN BANK ROAD,NEW BUS STAND / SWAMIJI COMPLEX,Andhra Pradesh,BHIMAVARAM,,,,DWARAKA ENTERPRISES,,cooler
4,SUDHEER ELECTRONICS,,sudheerelectron@gmail.com,9440566793,,"15-269,NUZVID ROAD,",,Andhra Pradesh,MYLAVARAM,,,,SAI TEJA INDO PLAST,,normal
4,SUMA ENTERPRISES,,sumaenterprises@gmail.com,,,,,Andhra Pradesh,RAYADURGAM,,,,SAI TEJA INDO PLAST,,normal
4,SURYA ELECTRONICS JANGAREDDYGUDEM,,suryaelectronic@gmail.com,,,,,Andhra Pradesh,JANGAREDDYGUDEM,,,,DWARAKA ENTERPRISES,,normal
4,SURYA ENTERPRISES,,suryaenterprise@gmail.com,9396434770,,,,Telangana,NUZIVEEDU,,,,SAI TEJA INDO PLAST,,normal
4,SURYA TEJA SHOPPING MALL,,suryatejashoppi@gmail.com,9666912523,,,,Telangana,MATERU W G,,,,DWARAKA ENTERPRISES,,normal
4,SWAMY AYYAPPA IRON SAFE & CO,,swamyayyappairo@gmail.com,,,,,Andhra Pradesh,KAIKALURU,,,,SAI TEJA INDO PLAST,,normal
4,SWAMY ENTER PRISES,,swamyenterprise@gmail.com,,,SATTUPALLI ROAD.VSSANNAPETA,,Andhra Pradesh,VISSANNAPETA,,,,SAI TEJA INDO PLAST,,normal
4,SYED RAZAK,,syedrazak@gmail.com,9133877777,,MAIN ROAD,,Andhra Pradesh,CHINTALAPUDI,,,,SAI TEJA INDO PLAST,,normal
4,TEJA MOBILE WORLD,,tejamobileworld@gmail.com,9248076438,,D.NO:8-87/1,Beside DBR Cloth Show Room,Andhra Pradesh,VUYYURU,,,,SAI TEJA INDO PLAST,,normal
4,TRILOK ELECTRONICS,KRISHANA J,trilokelectroni@gmail.com,9849048840,,ALLURI SEETHA RAMARAJU JUNCTION,DEVI CHOWK,Andhra Pradesh,RAJAMUNDRY,,,,SAI TEJA INDO PLAST,,cooler
4,UMA TRADERS,,umatraders@gmail.com,,,SKD ROAD,,Andhra Pradesh,PENUKONDA,221473,,,SAI TEJA INDO PLAST,,normal
4,VALI ENTERPRISES,,valienterprises@gmail.com,,,D.NO 2-4-44,,Andhra Pradesh,YELESWARAM,,,,SAI TEJA INDO PLAST,,normal
4,VALI ENTERPRISES KANIGIRI,,valienterprises@gmail.com,,,MAIN ROAD,,Andhra Pradesh,KANIGIRI,,,,SAI TEJA INDO PLAST,,cooler
4,VAMSEE ENTER PRISES,,vamseeenterpris@gmail.com,,,,,Andhra Pradesh,NANDIGAMA,,,,SAI TEJA INDO PLAST,,normal
4,VANDANA HOME APPLIENCESS & FURNITURES,,vandanahomeappl@gmail.com,9848476713,,"8-74A,","MSR ROAD,",Andhra Pradesh,KANIGIRI,,,,SAI TEJA INDO PLAST,,normal
4,VASAVI AGENCIES,SURENDRA,vasaviagencies@gmail.com,9849846822,,PUVVADA VARI STREET,KOTHAPETA,Andhra Pradesh,GUNTUR,,,,SAI TEJA INDO PLAST,,normal
4,VASAVI AGENCIES COOLERS,,vasaviagenciesc@gmail.com,9885369955,,SHOP NO 4 MUNICIPAL SHOPPING COMPLEX,OLD BUS STAND,Andhra Pradesh,DHARMAVARAM,515671,,,SAI TEJA INDO PLAST,,normal
4,VASAVI TIME VISION,,vasavitimevisio@gmail.com,9885369955,,RAJU ROAD,,Andhra Pradesh,ANANTHAPUR 1,,,,SRI HANUMAN ENTERPRISES,,normal
4,VASAVI TIME VISION COOLERS,,vasavitimevisio@gmail.com,,,RAJU ROAD,,Andhra Pradesh,ANANTHAPUR 1,,,,SRI HANUMAN ENTERPRISES,,normal
4,VASUDHA HOME APPLEINCESS,,vasudhahomeappl@gmail.com,8247716283,,"8/148,MAIN ROAD,OPP POLICE STATION",,Andhra Pradesh,KOYALAGUDEM,,,,SAI TEJA INDO PLAST,,normal
4,VEENA ELECTRONICS,NAGARAJU,veenaelectronic@gmail.com,9440894971,,BATCHU COMPLEX NEAR MUKOTESWARA SWAMY TEMPLE,,Andhra Pradesh,DHONE,518222,,,SAI TEJA INDO PLAST/ MADHU AGENCIES,,normal
4,VEERA BHASKHARA ENTERPRISES,,veerabhaskharae@gmail.com,8801801801,,INDIAN BANK ROAD,,Telangana,BHIMAVARAM,,,,DWARAKA ENTERPRISES,,normal
4,VENKAT ENTERPRISES,,venkatenterpris@gmail.com,,,MAIN ROAD NARASAPUR,,Andhra Pradesh,PENTAPADU,,,,DWARAKA ENTERPRISES,,normal
4,VENKATARAJU ENTERPRISES,,venkatarajuente@gmail.com,8019252464,,,,Andhra Pradesh,NAGAYALANKA,,,,SAI TEJA INDO PLAST,,normal
4,VENKATESWARA TV AND RADIO ENTERPRISES,RAMAKRISHNA,venkateswaratva@gmail.com,9949929326,,H.O DURBAR ROAD,,Andhra Pradesh,CHIRALA,,,,SAI TEJA INDO PLAST,,normal
4,VENKATESWARLU BONTHALA,,venkateswarlubo@gmail.com,9440231254,,MAIN ROAD,,Andhra Pradesh,PAMURU,,,,SAI TEJA INDO PLAST,,normal
4,VIGNESWARA ELECTRONICS & HOME NEEDS,CHANTI,vigneswaraelect@gmail.com,9346910194,,OPP:CAR STAND,,Andhra Pradesh,AVANIGADDA,,,,SAI TEJA INDO PLAST,,normal
4,VIJAY TV HOME,SIVA MAINIKYA RAO.B,vijaytvhome@gmail.com,,,"NEAR CLOCK TOWER,G.B.C ROAD,BAPATLA PIN NO:522101",,Andhra Pradesh,BAPATLA,,,,SAI TEJA INDO PLAST,,normal
4,VIJAYA ENTERPRISES,,vijayaenterpris@gmail.com,,,,,Andhra Pradesh,VISSANNAPETA,,,,SAI TEJA INDO PLAST,,normal
4,VIJAYA ENTERPRISES JGPT,,vijayaenterpris@gmail.com,9704872226,,,,Andhra Pradesh,JAGGAMPETA,,,,SAI TEJA INDO PLAST,,normal
4,VIJAYA LAKSHMI ENTER PRISES,,vijayalakshmien@gmail.com,9912362320,,GUDIWADA ROAD,GAFHAAR CENTRE,Andhra Pradesh,PAMMARU,,,,SAI TEJA INDO PLAST,,normal
4,VIJAYA MANIKANTA FURNITURES,K NARASIMHARAO,vijayamanikanta@gmail.com,9849877828,,CHANDARLAPADU ROAD,NEAR KRISHNA ELE,Andhra Pradesh,NANDIGAMA,,,,SAI TEJA INDO PLAST,,normal
4,VIJAYA SAI TV & FURNITURE SHOWROOM,,vijayasaitv&fur@gmail.com,9381940949,,MAIN ROAD,,Andhra Pradesh,MALIKIPURAM,,,,SAI TEJA INDO PLAST,,normal
4,VIJAYALAKSHMI ELECTRONICS,SEKHAR,vijayalakshmiel@gmail.com,9849627791,,CHOWTRA CENTER,,Andhra Pradesh,CHILAKALURIPETA,,,,SAI TEJA INDO PLAST,,normal
4,VIJAYALAKSHMI ELECTRONICS & HOME APPLIENCES,MADHU,vijayalakshmiel@gmail.com,,,CHOWTRA CENTRE,,Telangana,CHILAKALURIPETA,,,,SAI TEJA INDO PLAST,,normal
4,VIJAYALAKSHMI ENTERPRISES,,vijayalakshmien@gmail.com,8019737999,,"7-12/4,ELLURU ROAD",,Andhra Pradesh,GANAPAVARAM,,,,DWARAKA ENTERPRISES,,normal
4,VIJETHA ELECTRONICS (NRT),,vijethaelectron@gmail.com,,,,,Andhra Pradesh,NARASARAOPETA,,,,SAI TEJA INDO PLAST,,normal
4,VIJETHA ENTERPRISES,,vijethaenterpri@gmail.com,9949379282,,,,Andhra Pradesh,JAGGAYYAPETA,,,,SAI TEJA INDO PLAST,,normal
4,VISWESWARA AGENCIES,SATTIBABAU,visweswaraagenc@gmail.com,9912206808,,SKBR COLLEGE ROAD,,Andhra Pradesh,AMALAPURAM,,,,SAI TEJA INDO PLAST,,normal
4,VYJAYANTHI ENTERPRISES,,vyjayanthienter@gmail.com,,,NEAR MASID OPPOSIT,,Andhra Pradesh,DAMMAPETA,,,,SAI TEJA INDO PLAST,,normal
4,VYSHNAVI ELECTRONICS,,vyshnavielectro@gmail.com,9866204153,,,,Andhra Pradesh,KANCHIKACHARLA,,,,SAI TEJA INDO PLAST,,normal
4,WORLD FURNITURE & ELECTRONICS,KISHORE BABU,worldfurniture&@gmail.com,,,BESIDE:CHANDAMAMA RESTARENT,,Andhra Pradesh,VINUKONDA,,,,SAI TEJA INDO PLAST,,normal
4,YES MOBILES,,yesmobiles@gmail.com,"08642-235221,235222",,"RAJA GARI CENTRE,BESIDE KRISHNA KISHORE THEATRE",,Andhra Pradesh,MACHILIPATNAM,,,,SAI TEJA INDO PLAST,,normal
4,BAJAJ AGENCIES,,bajajagencies@gmail.com,"98,492,099,949,885,100,000",,BESIDE HOTEL VAMSHEE INTERATIONAL  HYDERABAD ROAD,PHULOG,Andhra Pradesh,NIZAMABAD,503001,,,SAI TEJA INDO PLAST,,normal
4,BALAJI RADIO HOUSE,,balajiradiohous@gmail.com,,,H.NO 1-11-100 STATION ROAD,,Andhra Pradesh,NIZAMABAD,503111,,,SAI TEJA INDO PLAST,,normal
4,CHENNAI STEEL AND HOME APPLIANCIES,,chennaisteeland@gmail.com,6300154663,,"BESIDE BATA 4-2-6,7 RP ROAD",,Karnataka,HYDERABAD,,,,SAI TEJA INDO PLAST,,normal
4,KHATER ELECTRONICS,,khaterelectroni@gmail.com,,,KHATER HOUSE 7-2-662 RASTRAPATI ROAD,,Andhra Pradesh,SECUNDERABAD,500003,,,SAI TEJA INDO PLAST,,normal
4,NAGA SAI HOME APPLIANCE,,nagasaihomeappl@gmail.com,"9951801977,040-66621609",,,,Andhra Pradesh,SECUNDERABAD,,,,SAI TEJA INDO PLAST,,normal
4,PINKY ELECTRONICS,pe.saleem@gmail.com,pinkyelectronic@gmail.com,,,5-1-716 BANK STREET KOTI,,Telangana,HYDERABAD,500095,,,SAI TEJA INDO PLAST,,normal
4,PRIME ENTERPRZS,prime.enterprzs@gmail.com,primeenterprzs@gmail.com,9347301503 9849983103,,5-83 ERRAKUNTA BARKAS,,Andhra Pradesh,HYDERABAD,,,,SAI TEJA INDO PLAST,,normal
4,REDDYS REFRIGERATION & ENTERPRISES,,reddysrefrigera@gmail.com,9177635263,,H NO 9-1-125 BAZAR UMA BHAVAN TO GANDHI ROAD,OPP RUCHIS,Telangana,SIDDIPET,502103,,,SAI TEJA INDO PLAST,,normal
4,SONY ELECTRONICS,,sonyelectronics@gmail.com,9246765111,,"OPP SBI, MAIN ROAD",,Andhra Pradesh,KARIMNAGAR,502278,,,SAI TEJA INDO PLAST,,normal
4,SRI SATGURU ELECTRONICS,,srisatguruelect@gmail.com,9966590000,,"D.NO 3/4/120PAIGAH COLONY,SP ROAD",,Andhra Pradesh,SECUNDERABAD,500003,,,SAI TEJA INDO PLAST,,normal
4,SUKHANI ENTERPRISES,,sukhanienterpri@gmail.com,08467 225838,,"Plot ni-13,Survey no 201/02 malani housing colony","chinnathikata,New bowenapally",Andhra Pradesh,SECUNDERABAD,,,,SAI TEJA INDO PLAST,,normal
4,SUREN ELECTRONICS AND HOME NEEDS,,surenelectronic@gmail.com,8639533692,,OPP RTC BUS DEPOT,,Andhra Pradesh,NIZAMABAD,503185,,,SAI TEJA INDO PLAST,,normal
4,VIMAL HOME APPLIANCES,,vimalhomeapplia@gmail.com,9849114161,,S NO 268 LAL BAZAR,,Andhra Pradesh,SECUNDERABAD,500015,,,SAI TEJA INDO PLAST,,normal
4,YASHASWI ENTERPRISES,,yashaswienterpr@gmail.com,,,SAMSUNG PLAZA PP JUDGE BUILDING H.NO 1-5-203/2/4,GROUND FLOOR  2ND AND 3RD FLOOR KARIMNAGAR ROAD,Andhra Pradesh,KARIMNAGAR,505327,,,SAI TEJA INDO PLAST,,normal
